firstname,lastname,email
Margarette,Penelopa,Margarette.Penelopa@yopmail.com
Yetty,Chauncey,Yetty.Chauncey@yopmail.com
Briney,Pelagias,Briney.Pelagias@yopmail.com
Arlina,Horan,Arlina.Horan@yopmail.com
Nananne,Lail,Nananne.Lail@yopmail.com
Celestyna,Mathilde,Celestyna.Mathilde@yopmail.com
Betta,Goth,Betta.Goth@yopmail.com
Shaylyn,Orelee,Shaylyn.Orelee@yopmail.com
Zsa Zsa,Braun,Zsa Zsa.Braun@yopmail.com
Therine,Lunsford,Therine.Lunsford@yopmail.com
Alex,Colbert,Alex.Colbert@yopmail.com
Harmonia,Millda,Harmonia.Millda@yopmail.com
Inga,Ralfston,Inga.Ralfston@yopmail.com
Ottilie,Nance,Ottilie.Nance@yopmail.com
Angela,Redmond,Angela.Redmond@yopmail.com
Karly,Alva,Karly.Alva@yopmail.com
Alejandra,Marden,Alejandra.Marden@yopmail.com
Hollie,Justinn,Hollie.Justinn@yopmail.com
Agathe,Kaja,Agathe.Kaja@yopmail.com
Mahalia,Clara,Mahalia.Clara@yopmail.com
Danika,Monk,Danika.Monk@yopmail.com
Eve,Goth,Eve.Goth@yopmail.com
Glenda,Jarib,Glenda.Jarib@yopmail.com
Janeczka,Hermes,Janeczka.Hermes@yopmail.com
Nanete,Bohlin,Nanete.Bohlin@yopmail.com
Ezmeralda,Tayib,Ezmeralda.Tayib@yopmail.com
Rhoda,Kinnard,Rhoda.Kinnard@yopmail.com
Allis,Mike,Allis.Mike@yopmail.com
Damaris,Socha,Damaris.Socha@yopmail.com
Vanessa,Zola,Vanessa.Zola@yopmail.com
Bill,Meter,Bill.Meter@yopmail.com
Silvana,Autrey,Silvana.Autrey@yopmail.com
Fayre,Ellord,Fayre.Ellord@yopmail.com
Dyann,Amethist,Dyann.Amethist@yopmail.com
Helena,Mintz,Helena.Mintz@yopmail.com
Thalia,Karl,Thalia.Karl@yopmail.com
Rhoda,Sparhawk,Rhoda.Sparhawk@yopmail.com
Carlie,Nelsen,Carlie.Nelsen@yopmail.com
Devina,Urania,Devina.Urania@yopmail.com
Josephine,Podvin,Josephine.Podvin@yopmail.com
Pamella,McGrody,Pamella.McGrody@yopmail.com
Tori,Odell,Tori.Odell@yopmail.com
Cissiee,Mayeda,Cissiee.Mayeda@yopmail.com
Jacenta,Goddard,Jacenta.Goddard@yopmail.com
Maryellen,Chobot,Maryellen.Chobot@yopmail.com
Viviene,Lattie,Viviene.Lattie@yopmail.com
Hayley,Brackely,Hayley.Brackely@yopmail.com
Emmey,Brittani,Emmey.Brittani@yopmail.com
Alia,MacIntosh,Alia.MacIntosh@yopmail.com
Claudina,Glovsky,Claudina.Glovsky@yopmail.com
Sibella,Gordon,Sibella.Gordon@yopmail.com
Brandise,Gaulin,Brandise.Gaulin@yopmail.com
Bee,Goth,Bee.Goth@yopmail.com
Eadie,Buttaro,Eadie.Buttaro@yopmail.com
Shannah,Han,Shannah.Han@yopmail.com
Danika,Angelis,Danika.Angelis@yopmail.com
Vita,Yam,Vita.Yam@yopmail.com
Kirbee,Justinn,Kirbee.Justinn@yopmail.com
Corene,Moina,Corene.Moina@yopmail.com
Janey,Armanda,Janey.Armanda@yopmail.com
Siana,Tamsky,Siana.Tamsky@yopmail.com
Melanie,Pacorro,Melanie.Pacorro@yopmail.com
Janenna,Luhe,Janenna.Luhe@yopmail.com
Melina,Janith,Melina.Janith@yopmail.com
Blondelle,Hanleigh,Blondelle.Hanleigh@yopmail.com
Ezmeralda,Ulphia,Ezmeralda.Ulphia@yopmail.com
Carlie,Himelman,Carlie.Himelman@yopmail.com
Sara-Ann,Knowling,Sara-Ann.Knowling@yopmail.com
Jinny,Waldron,Jinny.Waldron@yopmail.com
Justinn,Cressida,Justinn.Cressida@yopmail.com
Carilyn,Constancy,Carilyn.Constancy@yopmail.com
Tina,Zamora,Tina.Zamora@yopmail.com
Lyssa,Darian,Lyssa.Darian@yopmail.com
Lita,Bettine,Lita.Bettine@yopmail.com
Dennie,Lindemann,Dennie.Lindemann@yopmail.com
Roxane,Oster,Roxane.Oster@yopmail.com
Rosene,Brodench,Rosene.Brodench@yopmail.com
Bobinette,Annabella,Bobinette.Annabella@yopmail.com
Rani,Thar,Rani.Thar@yopmail.com
Jemie,Zuzana,Jemie.Zuzana@yopmail.com
Harrietta,Penelopa,Harrietta.Penelopa@yopmail.com
Elena,McLaughlin,Elena.McLaughlin@yopmail.com
Veda,Silvan,Veda.Silvan@yopmail.com
Teriann,Keelia,Teriann.Keelia@yopmail.com
Inga,Bury,Inga.Bury@yopmail.com
Goldie,Jaylene,Goldie.Jaylene@yopmail.com
Mamie,Lalitta,Mamie.Lalitta@yopmail.com
Dari,Junie,Dari.Junie@yopmail.com
Doralynne,Stacy,Doralynne.Stacy@yopmail.com
Amara,Franza,Amara.Franza@yopmail.com
Ronna,Giule,Ronna.Giule@yopmail.com
Gerrie,Lenny,Gerrie.Lenny@yopmail.com
Kaia,Trinetta,Kaia.Trinetta@yopmail.com
Maryellen,Sophronia,Maryellen.Sophronia@yopmail.com
Claudina,Lay,Claudina.Lay@yopmail.com
Orsola,Paton,Orsola.Paton@yopmail.com
Fred,Durante,Fred.Durante@yopmail.com
Meriel,Elsinore,Meriel.Elsinore@yopmail.com
Hope,Tengdin,Hope.Tengdin@yopmail.com
Carolina,Bobbee,Carolina.Bobbee@yopmail.com
Elyssa,Bari,Elyssa.Bari@yopmail.com
Adele,Linehan,Adele.Linehan@yopmail.com
Ruthe,Berne,Ruthe.Berne@yopmail.com
Gisela,Hanleigh,Gisela.Hanleigh@yopmail.com
Sabina,Matthew,Sabina.Matthew@yopmail.com
Bobbi,Riva,Bobbi.Riva@yopmail.com
Ericka,Baptlsta,Ericka.Baptlsta@yopmail.com
Lita,Emerson,Lita.Emerson@yopmail.com
Mignon,Kussell,Mignon.Kussell@yopmail.com
Luci,Hieronymus,Luci.Hieronymus@yopmail.com
Carilyn,Dudley,Carilyn.Dudley@yopmail.com
Lizzie,Giule,Lizzie.Giule@yopmail.com
Carree,Saree,Carree.Saree@yopmail.com
Wendi,Moseley,Wendi.Moseley@yopmail.com
Minda,Llovera,Minda.Llovera@yopmail.com
Jasmina,Zetta,Jasmina.Zetta@yopmail.com
Adele,Arne,Adele.Arne@yopmail.com
Mureil,Buckler,Mureil.Buckler@yopmail.com
Bill,Plato,Bill.Plato@yopmail.com
Phedra,Dalli,Phedra.Dalli@yopmail.com
Dianemarie,Stacy,Dianemarie.Stacy@yopmail.com
Robinia,Toffic,Robinia.Toffic@yopmail.com
Annabela,Faust,Annabela.Faust@yopmail.com
Bobbi,Sikorski,Bobbi.Sikorski@yopmail.com
Sean,Jaylene,Sean.Jaylene@yopmail.com
Edith,Marisa,Edith.Marisa@yopmail.com
Caryl,Hubert,Caryl.Hubert@yopmail.com
Ada,Lesley,Ada.Lesley@yopmail.com
Cyb,Durante,Cyb.Durante@yopmail.com
Elvira,Sprage,Elvira.Sprage@yopmail.com
Shell,Klotz,Shell.Klotz@yopmail.com
Selma,Edison,Selma.Edison@yopmail.com
Averyl,Mauer,Averyl.Mauer@yopmail.com
Jinny,Dosia,Jinny.Dosia@yopmail.com
Kimberley,Melony,Kimberley.Melony@yopmail.com
Ottilie,Alva,Ottilie.Alva@yopmail.com
Joceline,Capello,Joceline.Capello@yopmail.com
Pierette,Jorgan,Pierette.Jorgan@yopmail.com
Wilma,Mott,Wilma.Mott@yopmail.com
Genevra,Scammon,Genevra.Scammon@yopmail.com
Dede,Taima,Dede.Taima@yopmail.com
Amara,Standing,Amara.Standing@yopmail.com
Carlie,Clarissa,Carlie.Clarissa@yopmail.com
Dianemarie,Haldas,Dianemarie.Haldas@yopmail.com
Kimmy,Eachern,Kimmy.Eachern@yopmail.com
Aaren,Mullane,Aaren.Mullane@yopmail.com
Aaren,Nahum,Aaren.Nahum@yopmail.com
Molli,Fulmer,Molli.Fulmer@yopmail.com
Meriel,Center,Meriel.Center@yopmail.com
Wilma,Newell,Wilma.Newell@yopmail.com
Alia,Gemini,Alia.Gemini@yopmail.com
Chastity,Nore,Chastity.Nore@yopmail.com
Lilith,Ricarda,Lilith.Ricarda@yopmail.com
Ebonee,Freddi,Ebonee.Freddi@yopmail.com
Carol-Jean,Infield,Carol-Jean.Infield@yopmail.com
Karlee,Fabiola,Karlee.Fabiola@yopmail.com
Sharlene,Hollingsworth,Sharlene.Hollingsworth@yopmail.com
Julieta,Screens,Julieta.Screens@yopmail.com
Bernardine,Gilmour,Bernardine.Gilmour@yopmail.com
Jennica,Breed,Jennica.Breed@yopmail.com
Goldie,Grobe,Goldie.Grobe@yopmail.com
Letizia,Chick,Letizia.Chick@yopmail.com
Doro,Adrienne,Doro.Adrienne@yopmail.com
Brana,Mauer,Brana.Mauer@yopmail.com
Brooks,Rocray,Brooks.Rocray@yopmail.com
Dacia,Donell,Dacia.Donell@yopmail.com
Romona,Elsinore,Romona.Elsinore@yopmail.com
Sara-Ann,Martguerita,Sara-Ann.Martguerita@yopmail.com
Tersina,Kannry,Tersina.Kannry@yopmail.com
Corry,Fink,Corry.Fink@yopmail.com
Cyndie,Roarke,Cyndie.Roarke@yopmail.com
Tracey,Chesna,Tracey.Chesna@yopmail.com
Dede,Romelda,Dede.Romelda@yopmail.com
Corry,Boehike,Corry.Boehike@yopmail.com
Melina,Mich,Melina.Mich@yopmail.com
Paola,Anis,Paola.Anis@yopmail.com
Etta,Lea,Etta.Lea@yopmail.com
Lynea,Carleen,Lynea.Carleen@yopmail.com
Merci,Center,Merci.Center@yopmail.com
Doralynne,Hashim,Doralynne.Hashim@yopmail.com
Malina,Rillings,Malina.Rillings@yopmail.com
Leontine,Hull,Leontine.Hull@yopmail.com
Blondelle,Hartnett,Blondelle.Hartnett@yopmail.com
Keelia,Kannry,Keelia.Kannry@yopmail.com
Joceline,Faria,Joceline.Faria@yopmail.com
Kylynn,Ajay,Kylynn.Ajay@yopmail.com
Eadie,Ricarda,Eadie.Ricarda@yopmail.com
Debee,Joni,Debee.Joni@yopmail.com
Elise,Philoo,Elise.Philoo@yopmail.com
Ana,Standing,Ana.Standing@yopmail.com
Odessa,Yoko,Odessa.Yoko@yopmail.com
Dale,Brandice,Dale.Brandice@yopmail.com
Christy,Noman,Christy.Noman@yopmail.com
Sonni,Macey,Sonni.Macey@yopmail.com
Glenda,Abbot,Glenda.Abbot@yopmail.com
Tina,Dearborn,Tina.Dearborn@yopmail.com
Rori,Karna,Rori.Karna@yopmail.com
Deedee,Reidar,Deedee.Reidar@yopmail.com
Jacenta,Corrine,Jacenta.Corrine@yopmail.com
Deloria,Susannah,Deloria.Susannah@yopmail.com
Moyna,Cecile,Moyna.Cecile@yopmail.com
Kathy,Dudley,Kathy.Dudley@yopmail.com
Diena,Howlyn,Diena.Howlyn@yopmail.com
Wilma,Arathorn,Wilma.Arathorn@yopmail.com
Wileen,Liva,Wileen.Liva@yopmail.com
Dorene,Huggins,Dorene.Huggins@yopmail.com
Shirlee,Georas,Shirlee.Georas@yopmail.com
Lorie,Ezar,Lorie.Ezar@yopmail.com
Shell,Edee,Shell.Edee@yopmail.com
Blinni,Drisko,Blinni.Drisko@yopmail.com
Penelopa,Fulmer,Penelopa.Fulmer@yopmail.com
Sheelagh,Wildermuth,Sheelagh.Wildermuth@yopmail.com
Juliane,Schroth,Juliane.Schroth@yopmail.com
Pollyanna,Hachmin,Pollyanna.Hachmin@yopmail.com
Robbi,Melony,Robbi.Melony@yopmail.com
Jordan,Wesle,Jordan.Wesle@yopmail.com
Sidoney,Timon,Sidoney.Timon@yopmail.com
Kara-Lynn,Drisko,Kara-Lynn.Drisko@yopmail.com
Daune,LaRue,Daune.LaRue@yopmail.com
Kathi,Naashom,Kathi.Naashom@yopmail.com
Riannon,Modie,Riannon.Modie@yopmail.com
Sindee,Bibi,Sindee.Bibi@yopmail.com
Beatriz,Burkle,Beatriz.Burkle@yopmail.com
Elmira,Merell,Elmira.Merell@yopmail.com
Imojean,Merna,Imojean.Merna@yopmail.com
Farrah,Sekofski,Farrah.Sekofski@yopmail.com
Max,Daniele,Max.Daniele@yopmail.com
Chickie,Sherfield,Chickie.Sherfield@yopmail.com
Bernie,Anton,Bernie.Anton@yopmail.com
Stacey,Fadiman,Stacey.Fadiman@yopmail.com
Kerrin,Bigner,Kerrin.Bigner@yopmail.com
Wilma,Sisile,Wilma.Sisile@yopmail.com
Helsa,Helve,Helsa.Helve@yopmail.com
Ethel,McClimans,Ethel.McClimans@yopmail.com
Lyssa,Old,Lyssa.Old@yopmail.com
Zia,Winnick,Zia.Winnick@yopmail.com
Amalie,Forrer,Amalie.Forrer@yopmail.com
Brynna,Goth,Brynna.Goth@yopmail.com
Arlena,Edmund,Arlena.Edmund@yopmail.com
Dede,Karylin,Dede.Karylin@yopmail.com
Averyl,Capello,Averyl.Capello@yopmail.com
Kylynn,Tiffa,Kylynn.Tiffa@yopmail.com
Beverley,Ade,Beverley.Ade@yopmail.com
Verla,Cassius,Verla.Cassius@yopmail.com
Concettina,Chem,Concettina.Chem@yopmail.com
Dode,Elbertina,Dode.Elbertina@yopmail.com
Sue,Elo,Sue.Elo@yopmail.com
Annecorinne,Tufts,Annecorinne.Tufts@yopmail.com
Agathe,Corabella,Agathe.Corabella@yopmail.com
Gui,Hirsch,Gui.Hirsch@yopmail.com
Cristine,Havens,Cristine.Havens@yopmail.com
Lesly,Cookie,Lesly.Cookie@yopmail.com
Fernande,Autrey,Fernande.Autrey@yopmail.com
Maryellen,Skurnik,Maryellen.Skurnik@yopmail.com
Sean,Yuille,Sean.Yuille@yopmail.com
Tamqrah,Weaks,Tamqrah.Weaks@yopmail.com
Camile,Ezar,Camile.Ezar@yopmail.com
Jemie,Howlyn,Jemie.Howlyn@yopmail.com
Lizzie,Fosque,Lizzie.Fosque@yopmail.com
Sean,Doig,Sean.Doig@yopmail.com
Bee,Knowling,Bee.Knowling@yopmail.com
Asia,Brenn,Asia.Brenn@yopmail.com
Helena,Waldron,Helena.Waldron@yopmail.com
Raina,Nikaniki,Raina.Nikaniki@yopmail.com
Carilyn,Earlie,Carilyn.Earlie@yopmail.com
Brietta,Hortensia,Brietta.Hortensia@yopmail.com
Deloria,Chapland,Deloria.Chapland@yopmail.com
Fanny,Munn,Fanny.Munn@yopmail.com
Nelle,Dreda,Nelle.Dreda@yopmail.com
Sherrie,Alfons,Sherrie.Alfons@yopmail.com
Shauna,Garrison,Shauna.Garrison@yopmail.com
Sharlene,Malanie,Sharlene.Malanie@yopmail.com
Alisha,Adore,Alisha.Adore@yopmail.com
Moyna,Lane,Moyna.Lane@yopmail.com
Rosene,Bebe,Rosene.Bebe@yopmail.com
Morganica,Calhoun,Morganica.Calhoun@yopmail.com
Shandie,Masao,Shandie.Masao@yopmail.com
Berta,Joeann,Berta.Joeann@yopmail.com
Clo,Arvo,Clo.Arvo@yopmail.com
Dania,Jaylene,Dania.Jaylene@yopmail.com
Karly,Posner,Karly.Posner@yopmail.com
Jemie,Clarissa,Jemie.Clarissa@yopmail.com
Tersina,McCutcheon,Tersina.McCutcheon@yopmail.com
Phedra,Wilkinson,Phedra.Wilkinson@yopmail.com
Heddie,Bennie,Heddie.Bennie@yopmail.com
Morganica,Hurley,Morganica.Hurley@yopmail.com
Adelle,Glenden,Adelle.Glenden@yopmail.com
Darlleen,Gavrila,Darlleen.Gavrila@yopmail.com
Karena,Cynar,Karena.Cynar@yopmail.com
Tera,Allina,Tera.Allina@yopmail.com
Raquela,Neva,Raquela.Neva@yopmail.com
Romona,Robertson,Romona.Robertson@yopmail.com
Misha,Sisile,Misha.Sisile@yopmail.com
Tamqrah,Rebecka,Tamqrah.Rebecka@yopmail.com
Jan,Guthrie,Jan.Guthrie@yopmail.com
Brietta,Annabella,Brietta.Annabella@yopmail.com
Hannis,Friede,Hannis.Friede@yopmail.com
Ebonee,Bakerman,Ebonee.Bakerman@yopmail.com
Rani,Penelopa,Rani.Penelopa@yopmail.com
Glenda,Rurik,Glenda.Rurik@yopmail.com
Imojean,Devlen,Imojean.Devlen@yopmail.com
Shaine,Dearborn,Shaine.Dearborn@yopmail.com
Stephanie,Alexandr,Stephanie.Alexandr@yopmail.com
Addia,Emanuel,Addia.Emanuel@yopmail.com
Grier,Ingra,Grier.Ingra@yopmail.com
Corry,Barney,Corry.Barney@yopmail.com
Pollyanna,Ricarda,Pollyanna.Ricarda@yopmail.com
Diena,Travax,Diena.Travax@yopmail.com
Ginnie,Lymann,Ginnie.Lymann@yopmail.com
Elka,Albertine,Elka.Albertine@yopmail.com
Susette,Cookie,Susette.Cookie@yopmail.com
Camile,Magnolia,Camile.Magnolia@yopmail.com
Viki,Ietta,Viki.Ietta@yopmail.com
Ermengarde,Baptlsta,Ermengarde.Baptlsta@yopmail.com
Leona,Couture,Leona.Couture@yopmail.com
Annora,Odell,Annora.Odell@yopmail.com
Sheelagh,Killigrew,Sheelagh.Killigrew@yopmail.com
Arlina,Eliathas,Arlina.Eliathas@yopmail.com
Anica,Faria,Anica.Faria@yopmail.com
Korrie,Eachern,Korrie.Eachern@yopmail.com
Sindee,Zola,Sindee.Zola@yopmail.com
Clarice,Annabella,Clarice.Annabella@yopmail.com
Genovera,Maisey,Genovera.Maisey@yopmail.com
Debee,Hutchison,Debee.Hutchison@yopmail.com
Linet,Clara,Linet.Clara@yopmail.com
Karolina,Brieta,Karolina.Brieta@yopmail.com
Alejandra,Sperling,Alejandra.Sperling@yopmail.com
Alyssa,Whittaker,Alyssa.Whittaker@yopmail.com
Mellicent,Kosey,Mellicent.Kosey@yopmail.com
Rochette,Bandeen,Rochette.Bandeen@yopmail.com
Brena,McGrody,Brena.McGrody@yopmail.com
Pearline,Raul,Pearline.Raul@yopmail.com
Jere,Ingra,Jere.Ingra@yopmail.com
Rosabelle,Torray,Rosabelle.Torray@yopmail.com
Fidelia,Camden,Fidelia.Camden@yopmail.com
Arlena,Creamer,Arlena.Creamer@yopmail.com
Leia,Hollingsworth,Leia.Hollingsworth@yopmail.com
Xylina,Seligman,Xylina.Seligman@yopmail.com
Sara-Ann,Berl,Sara-Ann.Berl@yopmail.com
Kimmy,Skurnik,Kimmy.Skurnik@yopmail.com
Chickie,Harl,Chickie.Harl@yopmail.com
Harrietta,Noelyn,Harrietta.Noelyn@yopmail.com
Evita,Fancie,Evita.Fancie@yopmail.com
Frances,Norvol,Frances.Norvol@yopmail.com
Sara-Ann,Aida,Sara-Ann.Aida@yopmail.com
Allyce,Strephon,Allyce.Strephon@yopmail.com
Micheline,Kat,Micheline.Kat@yopmail.com
Stacey,Rheingold,Stacey.Rheingold@yopmail.com
Oralee,Kenwood,Oralee.Kenwood@yopmail.com
Gaylene,Kaete,Gaylene.Kaete@yopmail.com
Kellen,Evvie,Kellen.Evvie@yopmail.com
Ethel,Maurine,Ethel.Maurine@yopmail.com
Olivette,Thunell,Olivette.Thunell@yopmail.com
Fawne,Nore,Fawne.Nore@yopmail.com
Patricia,Hachmin,Patricia.Hachmin@yopmail.com
Mariann,Emmaline,Mariann.Emmaline@yopmail.com
Jillayne,Tatianas,Jillayne.Tatianas@yopmail.com
Wanda,Ailyn,Wanda.Ailyn@yopmail.com
Caressa,Cordi,Caressa.Cordi@yopmail.com
Dorice,Phyllis,Dorice.Phyllis@yopmail.com
Eugine,Naashom,Eugine.Naashom@yopmail.com
Devina,Cavan,Devina.Cavan@yopmail.com
Drucie,Tamsky,Drucie.Tamsky@yopmail.com
Sue,Ephrem,Sue.Ephrem@yopmail.com
Flory,Raama,Flory.Raama@yopmail.com
Gilda,Tound,Gilda.Tound@yopmail.com
Joelly,Stelle,Joelly.Stelle@yopmail.com
Jessamyn,Cherianne,Jessamyn.Cherianne@yopmail.com
Lizzie,Yam,Lizzie.Yam@yopmail.com
Lucille,Letsou,Lucille.Letsou@yopmail.com
Merry,Braun,Merry.Braun@yopmail.com
Ashlee,Charity,Ashlee.Charity@yopmail.com
Trixi,Bonucci,Trixi.Bonucci@yopmail.com
Gilda,Poll,Gilda.Poll@yopmail.com
Olivette,Hortensia,Olivette.Hortensia@yopmail.com
Flory,Blake,Flory.Blake@yopmail.com
Melisent,Hylan,Melisent.Hylan@yopmail.com
Codie,Goode,Codie.Goode@yopmail.com
June,Morehouse,June.Morehouse@yopmail.com
Rori,Allare,Rori.Allare@yopmail.com
Chrystel,Gamaliel,Chrystel.Gamaliel@yopmail.com
Janeczka,Hashim,Janeczka.Hashim@yopmail.com
Glynnis,Warthman,Glynnis.Warthman@yopmail.com
Halette,Meter,Halette.Meter@yopmail.com
Claudina,Marsden,Claudina.Marsden@yopmail.com
Alyda,Cavan,Alyda.Cavan@yopmail.com
Sallie,Corabella,Sallie.Corabella@yopmail.com
Brynna,Ranjiv,Brynna.Ranjiv@yopmail.com
Amii,Kauppi,Amii.Kauppi@yopmail.com
Eugine,Kellby,Eugine.Kellby@yopmail.com
Susan,Gualtiero,Susan.Gualtiero@yopmail.com
Constance,Therine,Constance.Therine@yopmail.com
Neila,Ivens,Neila.Ivens@yopmail.com
Annaliese,Faria,Annaliese.Faria@yopmail.com
Claudina,Albertine,Claudina.Albertine@yopmail.com
Lizzie,Kirstin,Lizzie.Kirstin@yopmail.com
Gilda,Tengdin,Gilda.Tengdin@yopmail.com
Katuscha,Johanna,Katuscha.Johanna@yopmail.com
Henriette,Gregrory,Henriette.Gregrory@yopmail.com
Dale,Tremayne,Dale.Tremayne@yopmail.com
Theodora,Bartlett,Theodora.Bartlett@yopmail.com
Aimil,Huggins,Aimil.Huggins@yopmail.com
Wileen,Faro,Wileen.Faro@yopmail.com
Elfreda,Fitzsimmons,Elfreda.Fitzsimmons@yopmail.com
Shauna,Margret,Shauna.Margret@yopmail.com
Phedra,Wildermuth,Phedra.Wildermuth@yopmail.com
Bill,Dunkin,Bill.Dunkin@yopmail.com
Louella,Afton,Louella.Afton@yopmail.com
Edee,Jagir,Edee.Jagir@yopmail.com
Mureil,Judye,Mureil.Judye@yopmail.com
Sheree,Erskine,Sheree.Erskine@yopmail.com
Merrie,Wiener,Merrie.Wiener@yopmail.com
Alie,Cleo,Alie.Cleo@yopmail.com
Shandie,Thunell,Shandie.Thunell@yopmail.com
Nelle,Wenda,Nelle.Wenda@yopmail.com
Patricia,Lesley,Patricia.Lesley@yopmail.com
Janenna,Waldron,Janenna.Waldron@yopmail.com
Justinn,Jacinda,Justinn.Jacinda@yopmail.com
Adelle,Wyn,Adelle.Wyn@yopmail.com
Laurene,Mauer,Laurene.Mauer@yopmail.com
Kaia,Keelia,Kaia.Keelia@yopmail.com
Gerianna,Vanni,Gerianna.Vanni@yopmail.com
Phedra,Wiener,Phedra.Wiener@yopmail.com
Caressa,Granoff,Caressa.Granoff@yopmail.com
Katharina,Scammon,Katharina.Scammon@yopmail.com
Imojean,Philipp,Imojean.Philipp@yopmail.com
Shauna,Posner,Shauna.Posner@yopmail.com
Pamella,Lay,Pamella.Lay@yopmail.com
Madelle,Teryn,Madelle.Teryn@yopmail.com
Emelina,Aida,Emelina.Aida@yopmail.com
Chandra,Wyn,Chandra.Wyn@yopmail.com
Judy,Ephrem,Judy.Ephrem@yopmail.com
Nelle,Salchunas,Nelle.Salchunas@yopmail.com
Frieda,Danby,Frieda.Danby@yopmail.com
Tersina,Silvan,Tersina.Silvan@yopmail.com
Jennica,Doig,Jennica.Doig@yopmail.com
Lolita,Shirberg,Lolita.Shirberg@yopmail.com
Cecile,Erich,Cecile.Erich@yopmail.com
Wilma,Eliathas,Wilma.Eliathas@yopmail.com
Philis,Colleen,Philis.Colleen@yopmail.com
Jerry,Norrie,Jerry.Norrie@yopmail.com
Tina,Palocz,Tina.Palocz@yopmail.com
Tonia,Berard,Tonia.Berard@yopmail.com
Daphne,Hashim,Daphne.Hashim@yopmail.com
Lorenza,Maurine,Lorenza.Maurine@yopmail.com
Tina,Frendel,Tina.Frendel@yopmail.com
Orelia,Hertzfeld,Orelia.Hertzfeld@yopmail.com
Margalo,Timon,Margalo.Timon@yopmail.com
Doro,Corabella,Doro.Corabella@yopmail.com
Paule,Stover,Paule.Stover@yopmail.com
Dianemarie,Lanita,Dianemarie.Lanita@yopmail.com
Tera,Bluh,Tera.Bluh@yopmail.com
Gwyneth,Ventre,Gwyneth.Ventre@yopmail.com
Jerry,Martguerita,Jerry.Martguerita@yopmail.com
Darci,Bettine,Darci.Bettine@yopmail.com
Elfreda,Mallon,Elfreda.Mallon@yopmail.com
Harmonia,Faust,Harmonia.Faust@yopmail.com
Roseline,Cavan,Roseline.Cavan@yopmail.com
Rosabelle,Pernick,Rosabelle.Pernick@yopmail.com
Jere,Redmond,Jere.Redmond@yopmail.com
Celestyna,Garek,Celestyna.Garek@yopmail.com
Elsie,Angelis,Elsie.Angelis@yopmail.com
Shel,Poll,Shel.Poll@yopmail.com
Maurene,Longfellow,Maurene.Longfellow@yopmail.com
Mellicent,Eldrid,Mellicent.Eldrid@yopmail.com
Blinni,Henrie,Blinni.Henrie@yopmail.com
Charlena,Lutero,Charlena.Lutero@yopmail.com
Mariann,Mathilde,Mariann.Mathilde@yopmail.com
Orsola,Baptlsta,Orsola.Baptlsta@yopmail.com
Barbi,Faso,Barbi.Faso@yopmail.com
Madalyn,Andrel,Madalyn.Andrel@yopmail.com
Brooks,Ashely,Brooks.Ashely@yopmail.com
Genevra,Woodberry,Genevra.Woodberry@yopmail.com
Valli,Lauraine,Valli.Lauraine@yopmail.com
Elyssa,Bryna,Elyssa.Bryna@yopmail.com
Marika,Dunkin,Marika.Dunkin@yopmail.com
Carmencita,Vivle,Carmencita.Vivle@yopmail.com
Elvira,Bearnard,Elvira.Bearnard@yopmail.com
Abbie,Magdalen,Abbie.Magdalen@yopmail.com
Dolli,Larochelle,Dolli.Larochelle@yopmail.com
Hildegaard,Vanni,Hildegaard.Vanni@yopmail.com
Tersina,Raychel,Tersina.Raychel@yopmail.com
Hettie,Laurianne,Hettie.Laurianne@yopmail.com
Teddie,Ardeha,Teddie.Ardeha@yopmail.com
Lila,Guildroy,Lila.Guildroy@yopmail.com
Emma,Noman,Emma.Noman@yopmail.com
Sashenka,Tatianas,Sashenka.Tatianas@yopmail.com
Mahalia,Bevin,Mahalia.Bevin@yopmail.com
Flory,Lindemann,Flory.Lindemann@yopmail.com
Melanie,Mozelle,Melanie.Mozelle@yopmail.com
Gale,Raseda,Gale.Raseda@yopmail.com
Shauna,Artie,Shauna.Artie@yopmail.com
Bettine,Docilla,Bettine.Docilla@yopmail.com
Belinda,Philoo,Belinda.Philoo@yopmail.com
Cyb,Emmaline,Cyb.Emmaline@yopmail.com
Joeann,Tayib,Joeann.Tayib@yopmail.com
Noelle,Colbert,Noelle.Colbert@yopmail.com
Rhea,Wareing,Rhea.Wareing@yopmail.com
Elvira,Aprile,Elvira.Aprile@yopmail.com
Felice,Miru,Felice.Miru@yopmail.com